1,5,/tmp/f1d2b88ae83e855ab1041a9fd0c75ea7.jpg,Miss Gudrun Kerluke II,Voluptatem.,sed-rerum-optio-molestiae-quidem-distinctio-illo,0,2020-09-29 11:09:50,2020-09-29 11:09:50,0,public,
2,17,/tmp/52202f8334022f398b7fde6232045b3c.jpg,Prof. Jonatan Heaney V,Consectetur.,cum-natus-qui-nam-quam-quo-qui,0,2020-09-29 11:09:50,2020-09-29 11:09:50,0,public,
3,13,/tmp/73d968aba95406b7c8bf83d4affa042e.jpg,Cecelia O'Conner,Qui veniam.,quisquam-occaecati-odio-molestiae-natus-vel-reiciendis,0,2020-09-29 11:09:50,2020-09-29 11:09:50,0,public,
4,17,/tmp/7486ac3b9e1ee7ff65f13fb3885c7562.jpg,Mazie Sawayn,Sit ut labore non.,eum-assumenda-dolores-libero-eos,0,2020-09-29 11:09:50,2020-09-29 11:09:50,0,public,
5,5,/tmp/a1b68bf9e2b67aa5934f25f422542d6f.jpg,Emilia Franecki,Cum neque maiores.,qui-dignissimos-quis-dicta-amet-consectetur-voluptatibus,0,2020-09-29 11:09:50,2020-09-29 11:09:50,0,public,
6,18,/tmp/e23c473eb7d8393162f636259a73403c.jpg,Abdul Daniel,Est reprehenderit.,quibusdam-et-consequatur-aperiam-dolor-eius-optio-hic,0,2020-09-29 11:09:50,2020-09-29 11:09:50,0,public,
7,18,/tmp/04c89742ef410a6093dd7e6f377f091b.jpg,Tomasa Friesen DVM,Cupiditate dolore.,ut-quaerat-quia-unde,0,2020-09-29 11:09:50,2020-09-29 11:09:50,0,public,
8,19,/tmp/bc1e567d779c7d3d31e7ce3bf1aaf9c2.jpg,Virginie Sanford DVM,Fugit earum.,sunt-in-impedit-voluptatem,0,2020-09-29 11:09:50,2020-09-29 11:09:50,0,public,
9,8,/tmp/966f4a98189ee5f1d69888761266b607.jpg,Michale Anderson,Ut quasi est.,nisi-aperiam-occaecati-qui-ad-vel-et,0,2020-09-29 11:09:50,2020-09-29 11:09:50,0,public,
10,17,/tmp/0f73c99b8fb15df1f9a983d0158489a4.jpg,Anderson Wintheiser,In atque ipsum.,perspiciatis-temporibus-quidem-ullam-voluptate-veritatis-autem,0,2020-09-29 11:09:50,2020-09-29 11:09:50,0,public,
11,12,/tmp/864d9dcb97fe7a746654820051dc17fa.jpg,Jazmyn Ward,Officia expedita.,dolor-nesciunt-nihil-voluptas-vel-provident-deleniti-ut,0,2020-09-29 11:09:51,2020-09-29 11:09:51,0,public,
12,15,/tmp/a715fb329a37f7803eb0861f593f54ad.jpg,Edmond Marvin,Eum dignissimos.,illo-tempora-qui-dolorem-ut-reiciendis,0,2020-09-29 11:09:51,2020-09-29 11:09:51,0,public,
13,16,/tmp/468923cc2f858853747844f1587235b0.jpg,Dr. Declan Rau PhD,Aut minus aut.,saepe-ut-ratione-suscipit-distinctio-accusamus,0,2020-09-29 11:09:51,2020-09-29 11:09:51,0,public,
14,19,/tmp/c28c91898d11bade61343f5298cb530a.jpg,Jake Gusikowski,Et ducimus ea.,consequatur-repudiandae-praesentium-culpa-qui-vel,0,2020-09-29 11:09:51,2020-09-29 11:09:51,0,public,
15,19,/tmp/39d8df3e87dacacced1671bc8d62668f.jpg,Moises Wiza,Qui accusamus vel.,eum-commodi-temporibus-incidunt-voluptate,0,2020-09-29 11:09:51,2020-09-29 11:09:51,0,public,
16,3,/tmp/003ea2d5790b8162f6468d58639658c0.jpg,Kaleigh Schuppe PhD,Qui perspiciatis.,eum-blanditiis-beatae-quidem-similique,0,2020-09-29 11:09:51,2020-09-29 11:09:51,0,public,
17,20,/tmp/d176dbea387ae7aa52a606956f33a835.jpg,Morris Dietrich Jr.,Repellendus.,harum-sed-quos-eos-maxime,0,2020-09-29 11:09:51,2020-09-29 11:09:51,0,public,
18,13,/tmp/b1e08abc26e4390d82cb9f44b7c9344e.jpg,Dr. Amely Kozey,Quis ducimus sunt.,dolorem-ex-voluptates-laboriosam,0,2020-09-29 11:09:51,2020-09-29 11:09:51,0,public,
19,13,/tmp/213c9be2f45b2b4c1175f41e9f7077f3.jpg,Erwin Renner,Fuga maiores sit.,id-facilis-voluptates-reprehenderit-molestias-officia-aut,0,2020-09-29 11:09:51,2020-09-29 11:09:51,0,public,
20,1,/tmp/8686adb8056f696876b23a3792faca54.jpg,Miss Rosalinda Block,Blanditiis ipsa.,impedit-voluptas-doloribus-perferendis-maiores-eaque-ut-voluptas-ex,0,2020-09-29 11:09:51,2020-09-29 11:09:51,0,public,
21,1,1601473210_woman-1149911_1920.jpg,,,,0,2020-09-30 13:40:11,2020-09-30 14:23:03,1,s3,
22,1,1601473967_woman-1149911_1920.jpg,,,,0,2020-09-30 13:52:47,2020-09-30 14:23:04,1,s3,
