1,John Doe,johnny,johnny@email.com,2020-09-29 11:09:43,$2y$10$UZjGPBj7DIMdXIHhGz63UeMHchNWlIhDV7qqTgIw19GPcMuVDGKhi,,,Government Property Inspector,0x00000000010100000049F3C7B4367B484089997D1EA3942B40,"696 Easton Station
Krajcikmouth, AR 84309-6293",1,She had already heard her sentence.,40bUuwBR3S,2020-09-29 11:09:43,2020-09-29 11:09:43
2,Edmund Pagac,anais,lavern@email.com,2020-09-29 11:09:43,$2y$10$UZjGPBj7DIMdXIHhGz63UeMHchNWlIhDV7qqTgIw19GPcMuVDGKhi,,,Roustabouts,0x000000000101000000D7BFEB336791484038A4518193AD1F40,"28944 Micheal Glens
Torphymouth, NV 15582-7578",1,"In a minute or two, it was quite.",lGMyOkd6pM,2020-09-29 11:09:43,2020-09-29 11:09:43
3,Theron Goodwin,muriel,turner@email.com,2020-09-29 11:09:43,$2y$10$UZjGPBj7DIMdXIHhGz63UeMHchNWlIhDV7qqTgIw19GPcMuVDGKhi,,,Rock Splitter,0x000000000101000000132A38BC2000484035289A07B0C02C40,"8497 McClure Divide
Boyleburgh, OK 66927-1135",1,"Dormouse,' the Queen was close behind.",xiw7Pi9i4N,2020-09-29 11:09:43,2020-09-29 11:09:43
4,Joy Kling,nelle,luella@email.com,2020-09-29 11:09:43,$2y$10$UZjGPBj7DIMdXIHhGz63UeMHchNWlIhDV7qqTgIw19GPcMuVDGKhi,,,Brake Machine Setter,0x0000000001010000008BC058DFC0024A403C4ED1915C562540,"196 Jameson Lake Apt. 357
Hoseaburgh, MS 15644",1,Alice; 'all I know all sorts of.,cx6Mm0jlOG,2020-09-29 11:09:43,2020-09-29 11:09:43
5,Dylan Mohr,oscar,gladyce@email.com,2020-09-29 11:09:43,$2y$10$UZjGPBj7DIMdXIHhGz63UeMHchNWlIhDV7qqTgIw19GPcMuVDGKhi,,,Manufactured Building Installer,0x0000000001010000003C11C47938154940CC63CDC820572140,"8567 Emmerich Knolls Suite 610
Rippinton, GA 28109-5019",1,"But I've got to grow to my boy, I beat.",AYzc0o5kmY,2020-09-29 11:09:43,2020-09-29 11:09:43
6,Irma Schamberger,rahsaan,shania@email.com,2020-09-29 11:09:43,$2y$10$UZjGPBj7DIMdXIHhGz63UeMHchNWlIhDV7qqTgIw19GPcMuVDGKhi,,,Clergy,0x000000000101000000E2C80391450E48408099EFE027E62640,"1162 Americo Dam Suite 705
Port Kevenbury, NE 42240",1,"MYSELF, I'm afraid, but you might.",rnmqrpmqwC,2020-09-29 11:09:43,2020-09-29 11:09:43
7,Braulio Olson,josue,vernice@email.com,2020-09-29 11:09:43,$2y$10$UZjGPBj7DIMdXIHhGz63UeMHchNWlIhDV7qqTgIw19GPcMuVDGKhi,,,Construction Driller,0x000000000101000000D427B9C326264840931B45D61A5A1F40,"585 Angeline Ramp
Quitzonburgh, NY 93527",1,"Alice, who was beginning to end,' said.",NVwE0J1IKH,2020-09-29 11:09:43,2020-09-29 11:09:43
8,Oda Swaniawski,dorthy,tobin@email.com,2020-09-29 11:09:43,$2y$10$UZjGPBj7DIMdXIHhGz63UeMHchNWlIhDV7qqTgIw19GPcMuVDGKhi,,,Interviewer,0x000000000101000000A7936C75394349404147AB5AD2412040,"63177 Collins Fords Apt. 349
New Jannie, AR 18176",1,"Hatter replied. 'Of course it was,' he.",Adxg23TMvN,2020-09-29 11:09:43,2020-09-29 11:09:43
9,Anahi Lesch,norene,baylee@email.com,2020-09-29 11:09:43,$2y$10$UZjGPBj7DIMdXIHhGz63UeMHchNWlIhDV7qqTgIw19GPcMuVDGKhi,,,Fishery Worker,0x0000000001010000005778978BF8DE494091B8C7D287162840,"297 Langosh Pines
Jorgeberg, KS 63446-1532",1,Pigeon. 'I can tell you how the game.,8WoDPl5BUy,2020-09-29 11:09:43,2020-09-29 11:09:43
10,Darryl Stehr,elenora,caterina@email.com,2020-09-29 11:09:43,$2y$10$UZjGPBj7DIMdXIHhGz63UeMHchNWlIhDV7qqTgIw19GPcMuVDGKhi,,,Sawing Machine Setter,0x0000000001010000003293A8177CFE4940E700C11C3D762140,"3022 Larue Corners
West Eryn, AZ 43576-7640",1,"March, I think that proved it at all.",61XQCP3Qpj,2020-09-29 11:09:43,2020-09-29 11:09:43
11,Isai Schiller,lonny,eleanora@email.com,2020-09-29 11:09:43,$2y$10$UZjGPBj7DIMdXIHhGz63UeMHchNWlIhDV7qqTgIw19GPcMuVDGKhi,,,Automotive Glass Installers,0x0000000001010000008DEDB5A0F7B04840C83F33880F242640,"415 Roberts Forge Apt. 887
East Delilah, WY 85263-2708",1,"Caterpillar angrily, rearing itself.",1GUj7jmAgz,2020-09-29 11:09:43,2020-09-29 11:09:43
12,Monserrat Marquardt,alaina,dennis@email.com,2020-09-29 11:09:43,$2y$10$UZjGPBj7DIMdXIHhGz63UeMHchNWlIhDV7qqTgIw19GPcMuVDGKhi,,,Mechanical Engineer,0x00000000010100000053CDACA580784840CD74AF93FA0A2D40,"311 Gislason Crossroad
Nicolasbury, AZ 40675-6010",1,Alice thought this a very deep well.,HEkODT40Ew,2020-09-29 11:09:43,2020-09-29 11:09:43
13,Neil Legros,sarina,zita@email.com,2020-09-29 11:09:43,$2y$10$UZjGPBj7DIMdXIHhGz63UeMHchNWlIhDV7qqTgIw19GPcMuVDGKhi,,,Public Health Social Worker,0x000000000101000000FCC6D79E59BC4A40ABB4C5353E0B2840,"37902 Ulices Estates Apt. 127
Starkview, IA 60146-4356",1,Dormouse shook its head impatiently.,1HPfOcKfq0,2020-09-29 11:09:43,2020-09-29 11:09:43
14,Ron Labadie,kevin,toney@email.com,2020-09-29 11:09:43,$2y$10$UZjGPBj7DIMdXIHhGz63UeMHchNWlIhDV7qqTgIw19GPcMuVDGKhi,,,Sheriff,0x00000000010100000062A2410A9E3848402C64AE0CAA352940,"6417 Parker Village
South Violet, NV 64922",1,"Alice had begun to repeat it, but her.",V1vtkZ3EpY,2020-09-29 11:09:43,2020-09-29 11:09:43
15,Jovany Mitchell,delaney,margarette@email.com,2020-09-29 11:09:44,$2y$10$UZjGPBj7DIMdXIHhGz63UeMHchNWlIhDV7qqTgIw19GPcMuVDGKhi,,,Geological Data Technician,0x000000000101000000AEBCE47FF2A34840A58636001B582140,"83984 Swaniawski Club Apt. 174
Stantonstad, IL 40780-5167",1,"Cat said, waving its tail when it's.",TTTIsy0SxB,2020-09-29 11:09:44,2020-09-29 11:09:44
16,Mina Bins,mohammad,ardith@email.com,2020-09-29 11:09:44,$2y$10$UZjGPBj7DIMdXIHhGz63UeMHchNWlIhDV7qqTgIw19GPcMuVDGKhi,,,Food Preparation,0x000000000101000000BABA63B14D3E4A400169FF03ACB52B40,"63431 Jeanie Bridge
East Doylestad, UT 28441",1,"Alice began to say anything. 'Why,'.",LgBBR58mOC,2020-09-29 11:09:44,2020-09-29 11:09:44
17,Summer Kshlerin,isobel,jerrell@email.com,2020-09-29 11:09:44,$2y$10$UZjGPBj7DIMdXIHhGz63UeMHchNWlIhDV7qqTgIw19GPcMuVDGKhi,,,Photographer,0x00000000010100000091D10149D8C34840CC29013109572440,"11275 Dana Plains
Hirtheport, AZ 36815-8853",1,The Mouse did not like the Mock Turtle.,vPBquRvV0n,2020-09-29 11:09:44,2020-09-29 11:09:44
18,Jerrold Mann,chyna,nola@email.com,2020-09-29 11:09:44,$2y$10$UZjGPBj7DIMdXIHhGz63UeMHchNWlIhDV7qqTgIw19GPcMuVDGKhi,,,Milling Machine Operator,0x000000000101000000D462F030ED4D4940F37519FED3052040,"6002 Hassie Harbor
Port Gersonside, WY 74224",1,Alice glanced rather anxiously at the.,TLttCnZEzS,2020-09-29 11:09:44,2020-09-29 11:09:44
19,Laverna Ledner,adelle,samanta@email.com,2020-09-29 11:09:44,$2y$10$UZjGPBj7DIMdXIHhGz63UeMHchNWlIhDV7qqTgIw19GPcMuVDGKhi,,,Hydrologist,0x0000000001010000004703780B248C484054AA44D95B5A2540,"5451 Oliver Estate Suite 791
Cormierside, AZ 02848-9130",1,They all sat down again very sadly and.,OVqDVlyAF3,2020-09-29 11:09:44,2020-09-29 11:09:44
20,Andre Abshire,chance,earnestine@email.com,2020-09-29 11:09:44,$2y$10$UZjGPBj7DIMdXIHhGz63UeMHchNWlIhDV7qqTgIw19GPcMuVDGKhi,,,GED Teacher,0x000000000101000000144031B264044A40E2AB1DC5398A1D40,"3702 Wisoky Bridge Apt. 082
Jastburgh, DE 37423",1,The master was an old Turtle--we used.,bpoIGOcasJ,2020-09-29 11:09:44,2020-09-29 11:09:44
33,amina Ade,Amina,amina@email.com,,$2y$10$iQEx4V9p.s9MXUgzSSy2g.YYl7zKCOQAJ0I.aqV8t/1yqAg8Sk1Ou,,,,,,0,,,2020-09-30 16:02:50,2020-09-30 16:02:50
35,Aluna Jorge,aluna,aluna@email.com,,$2y$10$ehvmOtA/GgUgT2u3e4mWm.7k4jowTaluCuFAt237H6/hM9TjMdBfy,,,,,,0,,,2020-09-30 16:14:12,2020-09-30 16:14:12
